{"MSE": 1.8581833944719477, "R2": 0.8735434881416675}