{"MSE": 1.7741938405052957, "R2": 0.9041761311653556}