{"MSE": 1.7989870754374284, "R2": 0.9014792626795127}