{"MSE": 1.78159966153345, "R2": 0.899438024100912}