{"MSE": 1.7694072711611792, "R2": 0.9046924770871361}