{"MSE": 1.9485372043446392, "R2": 0.8609466508230367}