{"MSE": 1.7434693956118645, "R2": 0.9074662370270696}